{
    "accuracy": 0.7387809778968519,
    "precision": 0.7012522361359571,
    "recall": 0.6373983739837399,
    "f1": 0.6678023850085179,
    "auc": 0.7235966812971091,
    "confusion_matrix": [
        [
            711,
            167
        ],
        [
            223,
            392
        ]
    ]
}